{"total_tests_passed": 1, "QCID": "TC_2", "test_steps": [], "test_name": "l2tp_upstream_l2tp_dhcp_untag.case2", "total_tests_failed": 1, "test_description": "\nVerifying sanity with different combinations", "log_link": "/home/mirafra/Desktop/PratikBhoyar/BFT2.0/results/2019_06_20_14_47_51/l2tp_upstream_l2tp_dhcp_untag_case2/test.log", "time_started": "14:50:33", "test_params": {"accel_type": "PAE", "stream": "upstream", "proto": "udp"}, "total_test_cases_executed": 2, "test_type": "Case", "Result": "Fail", "time": "0H:0M:32S", "test_comments": [{"comment": "Not able to get wan ip for iface ppp0", "link": ""}]}