{"submitter": "root", "image": "Ugw", "test_start_time": "14:33:55", "code_version": "Intel-FWK-12_Apr_2019\n", "DUT_platform": "GRX550", "test_results": [{"test_comments": [], "test_type": "Test", "test_name": "pre_post_suite_config", "time_started": "14:33:56", "test_cases": []}, {"test_comments": [{"comment": "Class test log", "link": "file:////home/mirafra/Desktop/PratikBhoyar/BFT2.0/results/2019_06_20_14_33_51/ipsec_upstream_ipsec_dhcp_untag_setUpClass/test.log"}], "test_type": "Test", "test_name": "ipsec_upstream_ipsec_dhcp_untag", "time_started": "14:33:56", "test_cases": [{"QCID": "TC_3", "test_comments": [], "test_description": "\nVerifying sanity with different combinations", "test_type": "Case", "test_name": "ipsec_upstream_ipsec_dhcp_untag.case3", "time_started": "14:35:25", "test_steps": [], "test_params": {"accel_type": "PAE", "stream": "downstream", "proto": "tcp"}}], "QCID": "QC_1", "test_description": "\nIPV4 sanity testing", "test_params": {"wan_proto": "dhcp", "mode": "route", "wan_conn": "eth_untag"}}]}