{"submitter": "root", "image": "Ugw", "test_start_time": "14:22:13", "code_version": "Intel-FWK-12_Apr_2019\n", "DUT_platform": "GRX550", "test_results": [{"test_comments": [], "test_type": "Test", "test_name": "pre_post_suite_config", "time_started": "14:22:13", "test_cases": []}, {"test_comments": [], "test_type": "Test", "test_name": "l2tp_upstream_l2tp_dhcp_untag", "time_started": "14:22:13", "test_cases": [], "QCID": "QC_1", "test_description": "\nIPV4 sanity testing", "test_params": {"wan_proto": "dhcp", "mode": "route", "wan_conn": "eth_untag"}}]}