Submitter,Image,platform,Test Start Time,Code Version,DUT Platform,Total tests Passed,Total Tests Failed,Total test cases executed,Test end time,Total execution time,Test QCID,Test Name,Test Description,Test time,Test log link,Test Started Time,Test Comments,Case QCID,Case Name,Case Description,Case Time,Case Log Link,Case Started Time,Case Comments,Case Result,Step QCID,Step Name,Step Description,Step Time,Step Log Link,Step Started Time,Step Comments,Step Result
root,Ugw,,14:22:32,"Intel-FWK-12_Apr_2019
",GRX550,1,1,2,14:26:05,0H:3M:33S,QC_1,l2tp_upstream_l2tp_dhcp_untag,"
IPV4 sanity testing",0H:3M:19S,/home/mirafra/Desktop/PratikBhoyar/BFT2.0/results/2019_06_20_14_22_28/l2tp_upstream_l2tp_dhcp_untag_setUpClass/test.log,14:22:32,"[{'comment': 'Class test log', 'link': 'file:////home/mirafra/Desktop/PratikBhoyar/BFT2.0/results/2019_06_20_14_22_28/l2tp_upstream_l2tp_dhcp_untag_setUpClass/test.log'}]",TC_1,l2tp_upstream_l2tp_dhcp_untag.case1,"
Verifying sanity with different combinations",0H:1M:10S,/home/mirafra/Desktop/PratikBhoyar/BFT2.0/results/2019_06_20_14_22_28/l2tp_upstream_l2tp_dhcp_untag_case1/test.log,14:24:03,"[{'comment': 'Case test log', 'link': 'file:////home/mirafra/Desktop/PratikBhoyar/BFT2.0/results/2019_06_20_14_22_28/l2tp_upstream_l2tp_dhcp_untag_case1/test.log'}]",Pass,TC_1_1,l2tp_upstream_l2tp_dhcp_untag.case1.step1,"
 updating traffic dict",0H:0M:1S,/home/mirafra/Desktop/PratikBhoyar/BFT2.0/results/2019_06_20_14_22_28/l2tp_upstream_l2tp_dhcp_untag_case1/test.log,14:24:24,[],Pass
root,Ugw,,14:22:32,"Intel-FWK-12_Apr_2019
",GRX550,1,1,2,14:26:05,0H:3M:33S,QC_1,l2tp_upstream_l2tp_dhcp_untag,"
IPV4 sanity testing",0H:3M:19S,/home/mirafra/Desktop/PratikBhoyar/BFT2.0/results/2019_06_20_14_22_28/l2tp_upstream_l2tp_dhcp_untag_setUpClass/test.log,14:22:32,"[{'comment': 'Class test log', 'link': 'file:////home/mirafra/Desktop/PratikBhoyar/BFT2.0/results/2019_06_20_14_22_28/l2tp_upstream_l2tp_dhcp_untag_setUpClass/test.log'}]",TC_1,l2tp_upstream_l2tp_dhcp_untag.case1,"
Verifying sanity with different combinations",0H:1M:10S,/home/mirafra/Desktop/PratikBhoyar/BFT2.0/results/2019_06_20_14_22_28/l2tp_upstream_l2tp_dhcp_untag_case1/test.log,14:24:03,"[{'comment': 'Case test log', 'link': 'file:////home/mirafra/Desktop/PratikBhoyar/BFT2.0/results/2019_06_20_14_22_28/l2tp_upstream_l2tp_dhcp_untag_case1/test.log'}]",Pass,TC_1_2,l2tp_upstream_l2tp_dhcp_untag.case1.step2,"
 Starting traffic",0H:0M:35S,/home/mirafra/Desktop/PratikBhoyar/BFT2.0/results/2019_06_20_14_22_28/l2tp_upstream_l2tp_dhcp_untag_case1/test.log,14:24:25,"[{'comment': 'PAE log file:', 'link': ''}, {'comment': 'pair1 : lan -> wan', 'link': ''}, {'comment': '==================', 'link': ''}, {'comment': 'MAX : 914.0 Mbits/sec', 'link': ''}, {'comment': 'AVG : 909.0 Mbits/sec', 'link': ''}, {'comment': 'MIN : 891.0 Mbits/sec', 'link': ''}, {'comment': '/tmp/iperflogs_Pair1_server.txt', 'link': 'file:////home/mirafra/Desktop/PratikBhoyar/BFT2.0/results/2019_06_20_14_22_28/l2tp_upstream_l2tp_dhcp_untag_case1/iperflogs_Pair1_server.txt'}, {'comment': '/tmp/iperflogs_Pair1_client.txt', 'link': 'file:////home/mirafra/Desktop/PratikBhoyar/BFT2.0/results/2019_06_20_14_22_28/l2tp_upstream_l2tp_dhcp_untag_case1/iperflogs_Pair1_client.txt'}]",Pass
root,Ugw,,14:22:32,"Intel-FWK-12_Apr_2019
",GRX550,1,1,2,14:26:05,0H:3M:33S,QC_1,l2tp_upstream_l2tp_dhcp_untag,"
IPV4 sanity testing",0H:3M:19S,/home/mirafra/Desktop/PratikBhoyar/BFT2.0/results/2019_06_20_14_22_28/l2tp_upstream_l2tp_dhcp_untag_setUpClass/test.log,14:22:32,"[{'comment': 'Class test log', 'link': 'file:////home/mirafra/Desktop/PratikBhoyar/BFT2.0/results/2019_06_20_14_22_28/l2tp_upstream_l2tp_dhcp_untag_setUpClass/test.log'}]",TC_1,l2tp_upstream_l2tp_dhcp_untag.case1,"
Verifying sanity with different combinations",0H:1M:10S,/home/mirafra/Desktop/PratikBhoyar/BFT2.0/results/2019_06_20_14_22_28/l2tp_upstream_l2tp_dhcp_untag_case1/test.log,14:24:03,"[{'comment': 'Case test log', 'link': 'file:////home/mirafra/Desktop/PratikBhoyar/BFT2.0/results/2019_06_20_14_22_28/l2tp_upstream_l2tp_dhcp_untag_case1/test.log'}]",Pass,TC_1_3,l2tp_upstream_l2tp_dhcp_untag.case1.step3,"
 Computing throughput",0H:0M:0S,/home/mirafra/Desktop/PratikBhoyar/BFT2.0/results/2019_06_20_14_22_28/l2tp_upstream_l2tp_dhcp_untag_case1/test.log,14:25:00,"[{'comment': 'Overall Throughput is 914.0 Mbps\n', 'link': ''}, {'comment': 'Steps log', 'link': 'file:////home/mirafra/Desktop/PratikBhoyar/BFT2.0/results/2019_06_20_14_22_28/l2tp_upstream_l2tp_dhcp_untag_case1/test.log'}]",Pass
root,Ugw,,14:22:32,"Intel-FWK-12_Apr_2019
",GRX550,1,1,2,14:26:05,0H:3M:33S,QC_1,l2tp_upstream_l2tp_dhcp_untag,"
IPV4 sanity testing",0H:3M:19S,/home/mirafra/Desktop/PratikBhoyar/BFT2.0/results/2019_06_20_14_22_28/l2tp_upstream_l2tp_dhcp_untag_setUpClass/test.log,14:22:32,"[{'comment': 'Class test log', 'link': 'file:////home/mirafra/Desktop/PratikBhoyar/BFT2.0/results/2019_06_20_14_22_28/l2tp_upstream_l2tp_dhcp_untag_setUpClass/test.log'}]",TC_1,l2tp_upstream_l2tp_dhcp_untag.case1,"
Verifying sanity with different combinations",0H:1M:10S,/home/mirafra/Desktop/PratikBhoyar/BFT2.0/results/2019_06_20_14_22_28/l2tp_upstream_l2tp_dhcp_untag_case1/test.log,14:24:03,"[{'comment': 'Case test log', 'link': 'file:////home/mirafra/Desktop/PratikBhoyar/BFT2.0/results/2019_06_20_14_22_28/l2tp_upstream_l2tp_dhcp_untag_case1/test.log'}]",Pass,TC_1_4,l2tp_upstream_l2tp_dhcp_untag.case1.step4,"
 Validating Acceleration",0H:0M:0S,/home/mirafra/Desktop/PratikBhoyar/BFT2.0/results/2019_06_20_14_22_28/l2tp_upstream_l2tp_dhcp_untag_case1/test.log,14:25:00,"[{'comment': '\n MPE enq deq drop ->377028932 377028932 0 \n CPU enq deq drop -> 0 0 0\nForward path->SrcIP: 192.168.1.60, DstIP: 192.168.2.1, session cnt: 145012616 \nAck path->SrcIP: 192.168.2.1, DstIP: 192.168.2.2, session cnt: 5459028', 'link': ''}, {'comment': 'Steps log', 'link': 'file:////home/mirafra/Desktop/PratikBhoyar/BFT2.0/results/2019_06_20_14_22_28/l2tp_upstream_l2tp_dhcp_untag_case1/test.log'}]",Pass
root,Ugw,,14:22:32,"Intel-FWK-12_Apr_2019
",GRX550,1,1,2,14:26:05,0H:3M:33S,QC_1,l2tp_upstream_l2tp_dhcp_untag,"
IPV4 sanity testing",0H:3M:19S,/home/mirafra/Desktop/PratikBhoyar/BFT2.0/results/2019_06_20_14_22_28/l2tp_upstream_l2tp_dhcp_untag_setUpClass/test.log,14:22:32,"[{'comment': 'Class test log', 'link': 'file:////home/mirafra/Desktop/PratikBhoyar/BFT2.0/results/2019_06_20_14_22_28/l2tp_upstream_l2tp_dhcp_untag_setUpClass/test.log'}]",TC_1,l2tp_upstream_l2tp_dhcp_untag.case1,"
Verifying sanity with different combinations",0H:1M:10S,/home/mirafra/Desktop/PratikBhoyar/BFT2.0/results/2019_06_20_14_22_28/l2tp_upstream_l2tp_dhcp_untag_case1/test.log,14:24:03,"[{'comment': 'Case test log', 'link': 'file:////home/mirafra/Desktop/PratikBhoyar/BFT2.0/results/2019_06_20_14_22_28/l2tp_upstream_l2tp_dhcp_untag_case1/test.log'}]",Pass,TC_1_5,l2tp_upstream_l2tp_dhcp_untag.case1.step5,"
 Checking CPU Core Usage",0H:0M:0S,/home/mirafra/Desktop/PratikBhoyar/BFT2.0/results/2019_06_20_14_22_28/l2tp_upstream_l2tp_dhcp_untag_case1/test.log,14:25:00,"[{'comment': 'Avg CPU Usage:\nCore0: 3.56\nCore1: 9.87', 'link': ''}, {'comment': 'Steps log', 'link': 'file:////home/mirafra/Desktop/PratikBhoyar/BFT2.0/results/2019_06_20_14_22_28/l2tp_upstream_l2tp_dhcp_untag_case1/test.log'}]",Pass
