{"submitter": "root", "image": "Ugw", "test_start_time": "14:47:55", "code_version": "Intel-FWK-12_Apr_2019\n", "DUT_platform": "GRX550", "test_results": [{"test_comments": [], "test_type": "Test", "test_name": "pre_post_suite_config", "time_started": "14:47:55", "test_cases": [], "time": "0H:3M:27S", "log_link": ""}, {"test_comments": [{"comment": "Class test log", "link": "file:////home/mirafra/Desktop/PratikBhoyar/BFT2.0/results/2019_06_20_14_47_51/l2tp_upstream_l2tp_dhcp_untag_setUpClass/test.log"}], "test_type": "Test", "test_name": "l2tp_upstream_l2tp_dhcp_untag", "time_started": "14:47:55", "test_cases": [{"QCID": "TC_1", "test_comments": [{"comment": "Case test log", "link": "file:////home/mirafra/Desktop/PratikBhoyar/BFT2.0/results/2019_06_20_14_47_51/l2tp_upstream_l2tp_dhcp_untag_case1/test.log"}], "test_description": "\nVerifying sanity with different combinations", "test_type": "Case", "test_name": "l2tp_upstream_l2tp_dhcp_untag.case1", "time_started": "14:49:27", "test_steps": [{"grade": "Pass", "QCID": "TC_1_1", "test_type": "Teststep", "test_comments": [], "test_name": "l2tp_upstream_l2tp_dhcp_untag.case1.step1", "time_started": "14:49:45", "time_ended": "00:00:00", "test_description": "\n updating traffic dict", "log_link": "/home/mirafra/Desktop/PratikBhoyar/BFT2.0/results/2019_06_20_14_47_51/l2tp_upstream_l2tp_dhcp_untag_case1/test.log", "time": "0H:0M:1S"}, {"grade": "Pass", "QCID": "TC_1_2", "test_type": "Teststep", "test_comments": [{"comment": "PAE log file:", "link": ""}, {"comment": "pair1 : lan -> wan", "link": ""}, {"comment": "==================", "link": ""}, {"comment": "MAX : 914.0 Mbits/sec", "link": ""}, {"comment": "AVG : 907.0 Mbits/sec", "link": ""}, {"comment": "MIN : 879.0 Mbits/sec", "link": ""}, {"comment": "/tmp/iperflogs_Pair1_server.txt", "link": "file:////home/mirafra/Desktop/PratikBhoyar/BFT2.0/results/2019_06_20_14_47_51/l2tp_upstream_l2tp_dhcp_untag_case1/iperflogs_Pair1_server.txt"}, {"comment": "/tmp/iperflogs_Pair1_client.txt", "link": "file:////home/mirafra/Desktop/PratikBhoyar/BFT2.0/results/2019_06_20_14_47_51/l2tp_upstream_l2tp_dhcp_untag_case1/iperflogs_Pair1_client.txt"}], "test_name": "l2tp_upstream_l2tp_dhcp_untag.case1.step2", "time_started": "14:49:46", "time_ended": "00:00:00", "test_description": "\n Starting traffic", "log_link": "/home/mirafra/Desktop/PratikBhoyar/BFT2.0/results/2019_06_20_14_47_51/l2tp_upstream_l2tp_dhcp_untag_case1/test.log", "time": "0H:0M:34S"}, {"grade": "Pass", "QCID": "TC_1_3", "test_type": "Teststep", "test_comments": [{"comment": "Overall Throughput is 914.0 Mbps\n", "link": ""}, {"comment": "Steps log", "link": "file:////home/mirafra/Desktop/PratikBhoyar/BFT2.0/results/2019_06_20_14_47_51/l2tp_upstream_l2tp_dhcp_untag_case1/test.log"}], "test_name": "l2tp_upstream_l2tp_dhcp_untag.case1.step3", "time_started": "14:50:20", "time_ended": "00:00:00", "test_description": "\n Computing throughput", "log_link": "/home/mirafra/Desktop/PratikBhoyar/BFT2.0/results/2019_06_20_14_47_51/l2tp_upstream_l2tp_dhcp_untag_case1/test.log", "time": "0H:0M:0S"}, {"grade": "Pass", "QCID": "TC_1_4", "test_type": "Teststep", "test_comments": [{"comment": "\n MPE enq deq drop ->211441962 211441962 0 \n CPU enq deq drop -> 39400 39400 0\nForward path->SrcIP: 192.168.1.60, DstIP: 192.168.2.1, session cnt: 256899072 \nAck path->SrcIP: 192.168.2.1, DstIP: 192.168.2.2, session cnt: 9770652", "link": ""}, {"comment": "Steps log", "link": "file:////home/mirafra/Desktop/PratikBhoyar/BFT2.0/results/2019_06_20_14_47_51/l2tp_upstream_l2tp_dhcp_untag_case1/test.log"}], "test_name": "l2tp_upstream_l2tp_dhcp_untag.case1.step4", "time_started": "14:50:20", "time_ended": "00:00:00", "test_description": "\n Validating Acceleration", "log_link": "/home/mirafra/Desktop/PratikBhoyar/BFT2.0/results/2019_06_20_14_47_51/l2tp_upstream_l2tp_dhcp_untag_case1/test.log", "time": "0H:0M:0S"}, {"grade": "Pass", "QCID": "TC_1_5", "test_type": "Teststep", "test_comments": [{"comment": "Avg CPU Usage:\nCore0: 9.86\nCore1: 7.77", "link": ""}, {"comment": "Steps log", "link": "file:////home/mirafra/Desktop/PratikBhoyar/BFT2.0/results/2019_06_20_14_47_51/l2tp_upstream_l2tp_dhcp_untag_case1/test.log"}], "test_name": "l2tp_upstream_l2tp_dhcp_untag.case1.step5", "time_started": "14:50:20", "time_ended": "00:00:00", "test_description": "\n Checking CPU Core Usage", "log_link": "/home/mirafra/Desktop/PratikBhoyar/BFT2.0/results/2019_06_20_14_47_51/l2tp_upstream_l2tp_dhcp_untag_case1/test.log", "time": "0H:0M:1S"}], "test_params": {"accel_type": "PAE", "stream": "upstream", "proto": "tcp"}, "time": "0H:1M:6S", "Result": "Pass", "log_link": "/home/mirafra/Desktop/PratikBhoyar/BFT2.0/results/2019_06_20_14_47_51/l2tp_upstream_l2tp_dhcp_untag_case1/test.log"}, {"QCID": "TC_2", "test_comments": [{"comment": "Not able to get wan ip for iface ppp0", "link": ""}], "test_description": "\nVerifying sanity with different combinations", "test_type": "Case", "test_name": "l2tp_upstream_l2tp_dhcp_untag.case2", "time_started": "14:50:33", "test_steps": [], "test_params": {"accel_type": "PAE", "stream": "upstream", "proto": "udp"}, "time": "0H:0M:32S", "Result": "Fail", "log_link": "/home/mirafra/Desktop/PratikBhoyar/BFT2.0/results/2019_06_20_14_47_51/l2tp_upstream_l2tp_dhcp_untag_case2/test.log"}], "QCID": "QC_1", "test_description": "\nIPV4 sanity testing", "test_params": {"wan_proto": "dhcp", "mode": "route", "wan_conn": "eth_untag"}, "time": "0H:3M:17S", "log_link": "/home/mirafra/Desktop/PratikBhoyar/BFT2.0/results/2019_06_20_14_47_51/l2tp_upstream_l2tp_dhcp_untag_setUpClass/test.log"}], "total_tests_passed": 1, "total_tests_failed": 1, "total_test_cases_executed": 2, "test_end_time": "14:51:26", "total_execution_time": "0H:3M:31S"}