{"total_tests_passed": 1, "time_started": "14:49:27", "test_params": {"accel_type": "PAE", "stream": "upstream", "proto": "tcp"}, "log_link": "/home/mirafra/Desktop/PratikBhoyar/BFT2.0/results/2019_06_20_14_47_51/l2tp_upstream_l2tp_dhcp_untag_case1/test.log", "test_comments": [{"comment": "Case test log", "link": "file:////home/mirafra/Desktop/PratikBhoyar/BFT2.0/results/2019_06_20_14_47_51/l2tp_upstream_l2tp_dhcp_untag_case1/test.log"}], "test_type": "Case", "QCID": "TC_1", "test_steps": [{"log_link": "/home/mirafra/Desktop/PratikBhoyar/BFT2.0/results/2019_06_20_14_47_51/l2tp_upstream_l2tp_dhcp_untag_case1/test.log", "time_started": "14:49:45", "grade": "Pass", "test_type": "Teststep", "QCID": "TC_1_1", "time_ended": "00:00:00", "time": "0H:0M:1S", "test_name": "l2tp_upstream_l2tp_dhcp_untag.case1.step1", "test_comments": [], "test_description": "\n updating traffic dict"}, {"log_link": "/home/mirafra/Desktop/PratikBhoyar/BFT2.0/results/2019_06_20_14_47_51/l2tp_upstream_l2tp_dhcp_untag_case1/test.log", "time_started": "14:49:46", "grade": "Pass", "test_type": "Teststep", "QCID": "TC_1_2", "time_ended": "00:00:00", "time": "0H:0M:34S", "test_name": "l2tp_upstream_l2tp_dhcp_untag.case1.step2", "test_comments": [{"comment": "PAE log file:", "link": ""}, {"comment": "pair1 : lan -> wan", "link": ""}, {"comment": "==================", "link": ""}, {"comment": "MAX : 914.0 Mbits/sec", "link": ""}, {"comment": "AVG : 907.0 Mbits/sec", "link": ""}, {"comment": "MIN : 879.0 Mbits/sec", "link": ""}, {"comment": "/tmp/iperflogs_Pair1_server.txt", "link": "file:////home/mirafra/Desktop/PratikBhoyar/BFT2.0/results/2019_06_20_14_47_51/l2tp_upstream_l2tp_dhcp_untag_case1/iperflogs_Pair1_server.txt"}, {"comment": "/tmp/iperflogs_Pair1_client.txt", "link": "file:////home/mirafra/Desktop/PratikBhoyar/BFT2.0/results/2019_06_20_14_47_51/l2tp_upstream_l2tp_dhcp_untag_case1/iperflogs_Pair1_client.txt"}], "test_description": "\n Starting traffic"}, {"log_link": "/home/mirafra/Desktop/PratikBhoyar/BFT2.0/results/2019_06_20_14_47_51/l2tp_upstream_l2tp_dhcp_untag_case1/test.log", "time_started": "14:50:20", "grade": "Pass", "test_type": "Teststep", "QCID": "TC_1_3", "time_ended": "00:00:00", "time": "0H:0M:0S", "test_name": "l2tp_upstream_l2tp_dhcp_untag.case1.step3", "test_comments": [{"comment": "Overall Throughput is 914.0 Mbps\n", "link": ""}, {"comment": "Steps log", "link": "file:////home/mirafra/Desktop/PratikBhoyar/BFT2.0/results/2019_06_20_14_47_51/l2tp_upstream_l2tp_dhcp_untag_case1/test.log"}], "test_description": "\n Computing throughput"}, {"log_link": "/home/mirafra/Desktop/PratikBhoyar/BFT2.0/results/2019_06_20_14_47_51/l2tp_upstream_l2tp_dhcp_untag_case1/test.log", "time_started": "14:50:20", "grade": "Pass", "test_type": "Teststep", "QCID": "TC_1_4", "time_ended": "00:00:00", "time": "0H:0M:0S", "test_name": "l2tp_upstream_l2tp_dhcp_untag.case1.step4", "test_comments": [{"comment": "\n MPE enq deq drop ->211441962 211441962 0 \n CPU enq deq drop -> 39400 39400 0\nForward path->SrcIP: 192.168.1.60, DstIP: 192.168.2.1, session cnt: 256899072 \nAck path->SrcIP: 192.168.2.1, DstIP: 192.168.2.2, session cnt: 9770652", "link": ""}, {"comment": "Steps log", "link": "file:////home/mirafra/Desktop/PratikBhoyar/BFT2.0/results/2019_06_20_14_47_51/l2tp_upstream_l2tp_dhcp_untag_case1/test.log"}], "test_description": "\n Validating Acceleration"}, {"log_link": "/home/mirafra/Desktop/PratikBhoyar/BFT2.0/results/2019_06_20_14_47_51/l2tp_upstream_l2tp_dhcp_untag_case1/test.log", "time_started": "14:50:20", "grade": "Pass", "test_type": "Teststep", "QCID": "TC_1_5", "time_ended": "00:00:00", "time": "0H:0M:1S", "test_name": "l2tp_upstream_l2tp_dhcp_untag.case1.step5", "test_comments": [{"comment": "Avg CPU Usage:\nCore0: 9.86\nCore1: 7.77", "link": ""}, {"comment": "Steps log", "link": "file:////home/mirafra/Desktop/PratikBhoyar/BFT2.0/results/2019_06_20_14_47_51/l2tp_upstream_l2tp_dhcp_untag_case1/test.log"}], "test_description": "\n Checking CPU Core Usage"}], "Result": "Pass", "test_name": "l2tp_upstream_l2tp_dhcp_untag.case1", "time": "0H:1M:6S", "total_test_cases_executed": 2, "total_tests_failed": 1, "test_description": "\nVerifying sanity with different combinations"}