Submitter,root
Image,Ugw
platform,
Test Start Time,14:09:06
Code Version,"Intel-FWK-12_Apr_2019
"
DUT Platform,GRX550
Total tests Passed,1
Total Tests Failed,1
Total test cases executed,2
Test end time,
Total execution time,
Case QCID,TC_1
Case Name,l2tp_upstream_l2tp_dhcp_untag.case1
Case Description,"
Verifying sanity with different combinations"
Case Time,0H:1M:9S
Case Log Link,/home/mirafra/Desktop/PratikBhoyar/BFT2.0/results/2019_06_20_14_08_53/l2tp_upstream_l2tp_dhcp_untag_case1/test.log
Case Started Time,14:10:37
Case Comments,"[{'comment': 'Case test log', 'link': 'file:////home/mirafra/Desktop/PratikBhoyar/BFT2.0/results/2019_06_20_14_08_53/l2tp_upstream_l2tp_dhcp_untag_case1/test.log'}]"
Case Result,Pass
Step_1 QCID,TC_1_1
Step_1 Name,l2tp_upstream_l2tp_dhcp_untag.case1.step1
Step_1 Description,"
 updating traffic dict"
Step_1 Time,0H:0M:1S
Step_1 Log Link,/home/mirafra/Desktop/PratikBhoyar/BFT2.0/results/2019_06_20_14_08_53/l2tp_upstream_l2tp_dhcp_untag_case1/test.log
Step_1 Started Time,14:10:58
Step_1 Comments,[]
Step_1 Result,Pass
Step_2 QCID,TC_1_2
Step_2 Name,l2tp_upstream_l2tp_dhcp_untag.case1.step2
Step_2 Description,"
 Starting traffic"
Step_2 Time,0H:0M:34S
Step_2 Log Link,/home/mirafra/Desktop/PratikBhoyar/BFT2.0/results/2019_06_20_14_08_53/l2tp_upstream_l2tp_dhcp_untag_case1/test.log
Step_2 Started Time,14:10:59
Step_2 Comments,"[{'comment': 'PAE log file:', 'link': ''}, {'comment': 'pair1 : lan -> wan', 'link': ''}, {'comment': '==================', 'link': ''}, {'comment': 'MAX : 914.0 Mbits/sec', 'link': ''}, {'comment': 'AVG : 911.0 Mbits/sec', 'link': ''}, {'comment': 'MIN : 890.0 Mbits/sec', 'link': ''}, {'comment': '/tmp/iperflogs_Pair1_server.txt', 'link': 'file:////home/mirafra/Desktop/PratikBhoyar/BFT2.0/results/2019_06_20_14_08_53/l2tp_upstream_l2tp_dhcp_untag_case1/iperflogs_Pair1_server.txt'}, {'comment': '/tmp/iperflogs_Pair1_client.txt', 'link': 'file:////home/mirafra/Desktop/PratikBhoyar/BFT2.0/results/2019_06_20_14_08_53/l2tp_upstream_l2tp_dhcp_untag_case1/iperflogs_Pair1_client.txt'}]"
Step_2 Result,Pass
Step_3 QCID,TC_1_3
Step_3 Name,l2tp_upstream_l2tp_dhcp_untag.case1.step3
Step_3 Description,"
 Computing throughput"
Step_3 Time,0H:0M:0S
Step_3 Log Link,/home/mirafra/Desktop/PratikBhoyar/BFT2.0/results/2019_06_20_14_08_53/l2tp_upstream_l2tp_dhcp_untag_case1/test.log
Step_3 Started Time,14:11:33
Step_3 Comments,"[{'comment': 'Overall Throughput is 914.0 Mbps\n', 'link': ''}, {'comment': 'Steps log', 'link': 'file:////home/mirafra/Desktop/PratikBhoyar/BFT2.0/results/2019_06_20_14_08_53/l2tp_upstream_l2tp_dhcp_untag_case1/test.log'}]"
Step_3 Result,Pass
Step_4 QCID,TC_1_4
Step_4 Name,l2tp_upstream_l2tp_dhcp_untag.case1.step4
Step_4 Description,"
 Validating Acceleration"
Step_4 Time,0H:0M:0S
Step_4 Log Link,/home/mirafra/Desktop/PratikBhoyar/BFT2.0/results/2019_06_20_14_08_53/l2tp_upstream_l2tp_dhcp_untag_case1/test.log
Step_4 Started Time,14:11:33
Step_4 Comments,"[{'comment': '\n MPE enq deq drop ->377218430 377218430 0 \n CPU enq deq drop -> 0 0 0\nForward path->SrcIP: 192.168.1.60, DstIP: 192.168.2.1, session cnt: 153660940 \nAck path->SrcIP: 192.168.2.1, DstIP: 192.168.2.2, session cnt: 5845836', 'link': ''}, {'comment': 'Steps log', 'link': 'file:////home/mirafra/Desktop/PratikBhoyar/BFT2.0/results/2019_06_20_14_08_53/l2tp_upstream_l2tp_dhcp_untag_case1/test.log'}]"
Step_4 Result,Pass
Step_5 QCID,TC_1_5
Step_5 Name,l2tp_upstream_l2tp_dhcp_untag.case1.step5
Step_5 Description,"
 Checking CPU Core Usage"
Step_5 Time,0H:0M:1S
Step_5 Log Link,/home/mirafra/Desktop/PratikBhoyar/BFT2.0/results/2019_06_20_14_08_53/l2tp_upstream_l2tp_dhcp_untag_case1/test.log
Step_5 Started Time,14:11:33
Step_5 Comments,"[{'comment': 'Avg CPU Usage:\nCore0: 7.19\nCore1: 8.30', 'link': ''}, {'comment': 'Steps log', 'link': 'file:////home/mirafra/Desktop/PratikBhoyar/BFT2.0/results/2019_06_20_14_08_53/l2tp_upstream_l2tp_dhcp_untag_case1/test.log'}]"
Step_5 Result,Pass
