{
    "intel_GRX550": {
        "devices": [
            {
                "adsl_atm": "./EoA.tcl",
                "color": "yellow",
                "config_tool": {
                    "primary": "netsh",
                    "secondary": "iw"
                },
                "conn_cmd": "None",
                "hwaddr": "xx:xx:xx:xx:xx:xx",
                "interact_tool": "paramiko",
                "ipaddr": "127.0.0.1",
                "model": "WCS",
                "name": "dslam",
                "password": "mirafra@123",
                "platform_type": "linux",
                "port": "22",
                "tool": "nokia",
                "traffic_tool": "iperf",
                "transport_type": "ssh",
                "type": "dslam",
                "username": "root",
                "vdsl_ptm_17a": "./17a.tcl",
                "vdsl_ptm_30": "./35.tcl"
            },
            {
                "LAN_DUTPortIPAddr": "192.168.1.1",
                "LAN_EndpointIP": "192.168.1.100",
                "LAN_PhyIfName": "2/1",
                "TCL_path": "C:\\automation\\ta_cpe_test_cases_pqa\\RTAutomation\\UtilityPackages\\",
                "TCL_script": "openwrt_udp_stc_performance.tcl",
                "WAN_DUTPortIPAddr": "10.10.14.1",
                "WAN_EndpointIP": "10.10.14.11",
                "WAN_PhyIfName": "2/2",
                "WAN_VLANID": "36",
                "color": "red",
                "config_tool": {
                    "primary": "netsh",
                    "secondary": "iw"
                },
                "conn_cmd": "None",
                "hwaddr": "xx:xx:xx:xx:xx:xx",
                "interact_tool": "paramiko",
                "ipaddr": "127.0.0.1",
                "model": "WCS",
                "name": "stc",
                "password": "mirafra@123",
                "platform_type": "Linux",
                "port": "22",
                "traffic_tool": "iperf",
                "transport_type": "ssh",
                "type": "station",
                "username": "root"
            },
            {
                "adsl_atm_gw": "172.31.94.1",
                "adsl_atm_iface": "nas0",
                "br_name": "br-lan",
                "color": "cyan",
                "config_tool": {
                    "primary": "fapi",
                    "secondary": "uci"
                },
                "conn_cmd": "None",
                "eth_gw": "200.200.35.1",
                "eth_iface": "eth1",
                "hwaddr": "xx:xx:xx:xx:xx:xx",
                "interact_tool": "pyserial",
                "ipaddr": "192.168.1.1",
                "lan_iface": "eth0",
                "model": "GRX550",
                "name": "dut",
                "netmask": "255.255.255.0",
                "password": "admin",
                "platform_type": "Linux",
                "port": "/dev/ttyUSB0",
                "static_adsl_atm_ip": "172.31.94.4",
                "static_eth_ip": "200.200.35.22",
                "static_vdsl_ptm_ip": "172.31.94.4",
                "sw_dist": "ugw",
                "tftp_server_ip": "192.168.1.23",
                "traffic_tool": "iperf",
                "transport_type": "localserial",
                "type": "dut",
                "username": "root",
                "vdsl_ptm_gw": "172.31.94.1",
                "vdsl_ptm_iface": "ptm0"
            },
            {
                "color": "yellow",
                "config_tool": {
                    "primary": "wpasupplicant",
                    "secondary": "iwconfig"
                },
                "conn_cmd": "None",
                "hwaddr": "xx:xx:xx:xx:xx:xx",
                "iface": "enp2s0",
                "interact_tool": "paramiko",
                "ipaddr": "10.0.0.60",
                "ipsec_iface": "enx503eaadcb09b",
                "model": "WCS",
                "name": "wan",
                "password": "mirafra@123",
                "platform_type": "Linux",
                "port": "22",
                "traffic_tool": "iperf",
                "transport_type": "ssh",
                "type": "station",
                "username": "root",
                "vlan_id": "34"
            },
            {
                "color": "green",
                "config_tool": {
                    "primary": "netsh",
                    "secondary": "iw"
                },
                "conn_cmd": "None",
                "hwaddr": "xx:xx:xx:xx:xx:xx",
                "iface": "enp2s0",
                "interact_tool": "paramiko",
                "ipaddr": "10.0.0.40",
                "model": "INTEL8260",
                "name": "lan",
                "netmask": "255.255.255.0",
                "password": "mirafra@123",
                "platform_type": "Linux",
                "port": "22",
                "static_ip": "192.168.1.60",
                "traffic_tool": "iperf",
                "transport_type": "ssh",
                "type": "station",
                "username": "root"
            }
        ]
    }
}
